-- MySQL dump 10.13  Distrib 5.1.41, for debian-linux-gnu (x86_64)
--
-- Host: localhost    Database: toddsql1
-- ------------------------------------------------------
-- Server version	5.1.41-3ubuntu12.6

/*!40101 SET @OLD_CHARACTER_SET_CLIENT=@@CHARACTER_SET_CLIENT */;
/*!40101 SET @OLD_CHARACTER_SET_RESULTS=@@CHARACTER_SET_RESULTS */;
/*!40101 SET @OLD_COLLATION_CONNECTION=@@COLLATION_CONNECTION */;
/*!40101 SET NAMES utf8 */;
/*!40103 SET @OLD_TIME_ZONE=@@TIME_ZONE */;
/*!40103 SET TIME_ZONE='+00:00' */;
/*!40014 SET @OLD_UNIQUE_CHECKS=@@UNIQUE_CHECKS, UNIQUE_CHECKS=0 */;
/*!40014 SET @OLD_FOREIGN_KEY_CHECKS=@@FOREIGN_KEY_CHECKS, FOREIGN_KEY_CHECKS=0 */;
/*!40101 SET @OLD_SQL_MODE=@@SQL_MODE, SQL_MODE='NO_AUTO_VALUE_ON_ZERO' */;
/*!40111 SET @OLD_SQL_NOTES=@@SQL_NOTES, SQL_NOTES=0 */;

--
-- Dumping data for table `category`
--

LOCK TABLES `category` WRITE;
/*!40000 ALTER TABLE `category` DISABLE KEYS */;
INSERT INTO `category` (`id`, `name`, `parent`, `sort`, `position`, `created_at`, `updated_at`, `slug`) VALUES (1,'Furniture',NULL,NULL,1,'0000-00-00 00:00:00','0000-00-00 00:00:00','furniture'), (2,'Persian Rugs',NULL,NULL,1,'0000-00-00 00:00:00','2010-07-27 15:14:28','rugs'), (3,'Uncategorized','rugs','type',25,'0000-00-00 00:00:00','0000-00-00 00:00:00','uncategorized-rugs'), (4,'Uncategorized','furniture','type',8,'0000-00-00 00:00:00','0000-00-00 00:00:00','uncategorized-furniture'), (12,'Cabinets','furniture','type',7,'2010-08-08 19:59:58','2010-08-08 19:59:58','cabinets'), (13,'Chairs','furniture','type',6,'2010-08-08 20:00:02','2010-08-08 20:00:02','chairs'), (14,'Table','furniture','type',5,'2010-08-08 20:00:07','2010-08-08 20:00:07','table'), (15,'Chest','furniture','type',4,'2010-08-08 20:00:11','2010-08-08 20:00:11','chest'), (16,'Lions','rugs','type',24,'2010-08-08 20:00:40','2010-08-08 20:00:40','lions'), (18,'Folklore','rugs','type',22,'2010-08-08 20:07:45','2010-09-20 15:29:33','folklore'), (20,'Hunting','rugs','type',23,'2010-08-08 20:08:33','2010-08-08 20:08:33','hunting'), (24,'Figural','rugs','type',20,'2010-08-08 20:09:33','2010-08-23 23:14:55','figural'), (25,'Tree of Life','rugs','type',21,'2010-08-08 20:09:46','2010-08-08 20:09:46','tree-of-life'), (26,'Tribal','rugs','type',16,'2010-08-08 20:09:59','2010-08-24 19:16:50','tribal'), (27,'Tibetan','rugs','type',17,'2010-08-08 20:10:13','2010-08-26 05:47:04','tibetan'), (28,'Qashqai','rugs','type',14,'2010-08-08 20:14:21','2010-09-20 15:29:30','qashqai'), (29,'Antique','rugs','type',19,'2010-08-08 20:14:26','2010-08-08 20:14:26','antique'), (31,'Kazak','rugs','type',12,'2010-08-08 20:22:23','2010-08-08 20:22:23','kazak'), (32,'3x5','rugs','size',10,'2010-08-08 20:41:30','2010-08-25 05:52:01','3x5'), (33,'4x6','rugs','size',9,'2010-08-08 20:41:36','2010-08-24 19:14:23','4x6'), (34,'5x8','rugs','size',8,'2010-08-08 20:41:42','2010-08-24 19:13:52','5x8'), (36,'Caucasian','rugs','type',15,'2010-08-08 20:47:49','2010-08-24 19:16:03','caucasian'), (40,'4x8-4x9-4x10','rugs','size',6,'2010-08-08 20:49:41','2010-08-23 19:08:16','4x8-4x9-4x10'), (43,'Qum','rugs','type',13,'2010-08-23 18:50:42','2010-08-24 19:15:54','qum'), (47,'On Sale','rugs','type',26,'2010-08-23 22:28:05','2010-08-23 23:14:42','on-sale'), (48,'Benches','furniture','type',3,'2010-08-24 00:09:39','2010-08-24 00:09:39','benches'), (49,'Side Table','furniture','type',2,'2010-08-24 00:14:35','2010-08-24 00:14:35','side-table'), (51,'Birds','rugs','type',18,'2010-08-24 03:32:59','2010-08-26 05:46:51','birds'), (54,'4x7-5x7','rugs','size',7,'2010-08-24 03:40:27','2010-09-20 15:28:12','4x7-5x7'), (57,'Heriz','rugs','type',11,'2010-08-24 04:16:29','2010-08-24 19:14:49','heriz'), (58,'7x9-7x10-7x11','rugs','size',5,'2010-08-24 04:22:36','2010-09-20 15:26:44','7x9-7x10-7x11'), (61,'5x9-5x0-50x1','rugs','size',1,'2010-08-24 04:46:48','2010-09-20 16:19:07','5x9-5x10-5x11'), (62,'8x9-8x10-8x11','rugs','size',4,'2010-08-24 04:59:57','2010-09-20 15:28:10','8x9-8x10-8x11'), (63,'10x13-10x14-1015+','rugs','size',3,'2010-08-24 05:08:20','2010-09-20 16:17:29','10x13-10x14-10x15'), (64,'Medicine Cabinets','furniture','type',1,'2010-08-24 22:02:49','2010-08-24 22:02:49','medicine-cabinets'), (67,'Masher','rugs','type',2,'2010-08-26 05:32:37','2010-09-20 16:40:22','mashad');
/*!40000 ALTER TABLE `category` ENABLE KEYS */;
UNLOCK TABLES;

--
-- Dumping data for table `page`
--

LOCK TABLES `page` WRITE;
/*!40000 ALTER TABLE `page` DISABLE KEYS */;
INSERT INTO `page` (`id`, `template`, `is_published`, `module`, `action`, `menu`, `link`, `created_at`, `updated_at`, `slug`, `created_by`, `updated_by`, `lft`, `rgt`, `level`) VALUES (1,'default',1,NULL,NULL,'none',NULL,'2010-07-13 11:21:49','2010-07-13 11:21:49',NULL,1,1,1,2,0);
/*!40000 ALTER TABLE `page` ENABLE KEYS */;
UNLOCK TABLES;

--
-- Dumping data for table `page_translation`
--

LOCK TABLES `page_translation` WRITE;
/*!40000 ALTER TABLE `page_translation` DISABLE KEYS */;
INSERT INTO `page_translation` (`id`, `title`, `keywords`, `description`, `lang`) VALUES (1,'carpetbeggers',NULL,NULL,'en');
/*!40000 ALTER TABLE `page_translation` ENABLE KEYS */;
UNLOCK TABLES;

--
-- Dumping data for table `product`
--

LOCK TABLES `product` WRITE;
/*!40000 ALTER TABLE `product` DISABLE KEYS */;
INSERT INTO `product` (`id`, `name`, `price`, `length`, `width`, `quality`, `status`, `pile`, `floor`, `notes`, `is_published`, `flickr_id`, `is_on_sale`, `created_at`, `updated_at`, `slug`, `photo`, `photo_x1`, `photo_y1`, `photo_x2`, `photo_y2`) VALUES (11,'Caucasian Shirvan','400.00','112.00','57.00','1','complete','1','2','',1,4671295791,0,'2010-06-05 16:22:33','2010-08-08 20:50:36','dsc-0243','e9d196513b54132fd62199c5d930e1d58e770e6c.jpg',0,0,400,1000), (86,'Qashqai Antique Persian Rug','700.00','84.00','60.00','3','complete','1','2','',1,4671917980,0,'2010-06-05 16:21:38','2010-08-08 20:52:01','dsc-0153','a9719d982e51b10710474024f072a2053e4a3616.jpg',0,0,1504,1000), (87,'Qashqai Hunting Persian Rug','1200.00','96.00','60.00','3','complete','1','2','',1,4671294185,0,'2010-06-05 16:21:47','2010-08-08 20:53:23','dsc-0169','2c7d40efdfa3331576f7a998e3c75abeb9de769c.jpg',0,0,1504,1000), (88,'Heriz Runner Persian Rug','800.00','156.00','58.00','3','complete','1','2','',1,4671918374,0,'2010-06-05 16:21:49','2010-08-08 20:55:14','dsc-0170','951b843b43a0af509b6585ac4b177eee14b39f37.jpg',0,0,1504,1000), (89,'Tabriz Vase Rug','300.00','93.00','58.00','1','complete','1','2','',1,4671918674,0,'2010-06-05 16:21:59','2010-08-08 20:56:38','dsc-0177','d8345b735e2d7afbf748a9cd18c85fafced2f918.jpg',0,0,1504,1000), (90,'Kazak Caucasian Rug','475.00','108.00','60.00','1','complete','1','2','',1,4671294973,0,'2010-06-05 16:22:09','2010-08-08 20:59:07','dsc-0194','f4515f078579209a5188a82289e874c62c5fd67d.jpg',0,0,1504,1000), (91,'Qashqai Hunting Deer Rug','800.00','102.00','60.00','1','complete','1','2','',1,4671295063,0,'2010-06-05 16:22:12','2010-08-24 05:07:10','dsc-0199','4be0f11adf87cd003f416fbb9f57b302b9a455e8.jpg',0,0,1504,1000), (92,'Qashqai','600.00','110.00','60.00','3','complete','1','2','',1,4671919394,0,'2010-06-05 16:22:21','2010-08-08 20:15:00','dsc-0210','aca0da655bbe415a16e2ea0de436ebd297fabbd8.jpg',0,0,1504,1000), (93,'Qashqai','600.00','94.00','68.00','3','complete','1','2','',1,4671919748,0,'2010-06-05 16:22:31','2010-08-08 20:16:42','dsc-0221','9020a1d7f7233e257916eb42ee117e59fb06ff16.jpg',0,0,1504,1000), (94,'Tribal Hamadan','400.00','115.00','68.00','3','complete','1','2','',1,4671920132,0,'2010-06-05 16:22:44','2010-08-08 20:17:55','dsc-0247','69845e0e83197a450faad7ab3110ea549ddae040.jpg',0,0,1504,1000), (95,'Qashqai Horse Persian Rug','520.00','96.00','67.00','3','complete','1','2','',1,4671296469,0,'2010-06-05 16:22:55','2010-08-08 20:19:43','dsc-0256','3280711048c208483058a647debfce277403f10e.jpg',0,0,1504,1000), (96,'Bidjar Persian Rug','800.00','112.00','56.00','3','complete','1','2','',1,4671920852,0,'2010-06-05 16:23:05','2010-08-08 20:21:20','dsc-0266','96feb8ab9ee8eea69b60606e7a6dda097c10d5f2.jpg',0,0,1504,1000), (97,'Caucasian Shirvan ','350.00','120.00','61.00','1','complete','1','2','',1,4671921226,0,'2010-06-05 16:23:16','2010-08-08 21:01:27','dsc-0271','7c57cdd5f9634f7cc22538fa6c1d11888f28ccf7.jpg',0,0,1504,1000), (98,'Qashqai Antique Persian Rug','800.00','98.00','67.00','3','complete','2','2','',1,4671297233,0,'2010-06-05 16:23:18','2010-08-08 20:23:59','dsc-0285','4195e4e5001778ff4063ad389bdae4170a21b810.jpg',0,0,1504,1000), (99,'Qashqai Antique Persian Rug','800.00','104.00','74.00','3','complete','2','2','',1,4671297629,0,'2010-06-05 16:23:29','2010-08-08 20:24:55','dsc-0291','24a564720c44d1683213db1b988c99b0d7c3054b.jpg',0,0,1504,1000), (100,'Qashqai Antique Persian Rug','800.00','98.00','60.00','2','complete','2','2','',1,4671921976,0,'2010-06-05 16:23:39','2010-08-08 21:02:44','dsc-0305','33c1360a9762d5c2ca49d8f70d3cf5888f4643ee.jpg',0,0,1504,1000), (101,'Tribal Qashqai Persian Rug','482.00','94.00','62.00','3','complete','2','2','',1,4671922366,0,'2010-06-05 16:23:50','2010-08-23 18:32:24','dsc-0314','b7e720a26bf1442fc79bcde5b59347937ba539ed.jpg',0,0,1504,1000), (102,'Sarouck Antique Persian Rug','400.00','106.00','72.00','3','complete','2','2','',1,4671298463,0,'2010-06-05 16:23:53','2010-08-08 20:26:18','dsc-0323','3248de49772fa42883543ac8e8dcce2e0bf5bfbd.jpg',0,0,1504,1000), (103,'Antique Qashqai Boteh Persian Rug','300.00','83.00','51.00','1','complete','2','2','',1,4671922806,0,'2010-06-05 16:24:03','2010-08-08 20:46:25','dsc-0327','ed31a69c0ff17cfae8e1fb6f330e1f56d4129b18.jpg',0,0,1504,1000), (104,'Qashqai Persian Rug','765.00','99.00','63.00','3','complete','3','2','',1,4671923244,0,'2010-06-05 16:24:14','2010-08-23 18:36:31','dsc-0346','7f9b86ae1703023efad932402d52309b80dbd121.jpg',0,0,1504,1000), (105,'Pictorial Qum Persian','1220.00','52.00','74.00','3','complete','3','2','',1,4671923648,0,'2010-06-05 16:24:25','2010-08-23 18:50:45','dsc-0351','7a61dff9cefd965d63bffe8e8c4599eed171d929.jpg',0,0,1504,1000), (106,'Kashkoli Mille Fluer Persian Rug','1675.00','99.00','65.00','3','complete','3','2','',1,4671299569,0,'2010-06-05 16:24:27','2010-08-23 18:54:02','dsc-0358','97886f68a8ec681952496dcc76f4d465d0a5be2d.jpg',0,0,1504,1000), (107,'Qum Hunting  Persian Rug','950.00','98.00','58.00','3','complete','3','2','',1,4671299975,0,'2010-06-05 16:24:38','2010-08-23 18:56:19','dsc-0365','ceabf6c19930c1df663b910319803247b879e2f6.jpg',0,0,1504,1000), (108,'Antique Lion Persian Rug','1200.00','48.00','76.00','3','complete','3','2','',1,4671924526,0,'2010-06-05 16:24:48','2010-08-23 18:58:20','dsc-0370','70208b700b846ab096a96eef17b530920768194c.jpg',0,0,1504,1000), (109,'Lion Qashqai Persian Rug','1200.00','48.00','73.00','3','complete','3','2','',1,4671924936,0,'2010-06-05 16:25:00','2010-08-23 19:00:40','dsc-0373','be9015d4ef6664569e3412cf4105adbb6d6e38ba.jpg',0,0,1504,1000), (110,'Lion Mothers Persian Rug','1400.00','55.00','80.00','3','complete','3','2','',1,4671925016,0,'2010-06-05 16:25:02','2010-08-23 19:03:42','dsc-0375','8370d5e55042e02cdaa9a52192487b20c0241a49.jpg',0,0,1504,1000), (111,'Lion Pictorial Persian Rug','1600.00','63.00','80.00','3','complete','3','2','',1,4671925434,0,'2010-06-05 16:25:13','2010-08-23 19:05:37','dsc-0380','e6862492075743dfb228517329fdd5284dd28628.jpg',0,0,1504,1000), (112,'Lion Persian Rug','1600.00','98.00','58.00','3','complete','3','2','',1,4671925842,0,'2010-06-05 16:25:24','2010-08-23 19:06:52','dsc-0388','e93f9d4dfea58d7c343f11b7cd02c6ce933c4d90.jpg',0,0,1504,1000), (113,'Antique Tabriz Persian Rug','300.00','80.00','61.00','3','complete','3','2','',1,4671302115,0,'2010-06-05 16:25:36','2010-08-24 03:17:43','dsc-0394','15e8bdf43049bfade38c00f407b664031aaac60a.jpg',0,0,1504,1000), (114,'Tribal Pictorial Persian Hunting Rug','680.00','104.00','55.00','3','complete','3','2','',1,4671926698,0,'2010-06-05 16:25:47','2010-08-23 19:10:29','dsc-0402','3ee97e09169375cfdae28fcd490af27898adcdfc.jpg',0,0,1504,1000), (115,'Qum Tree of Life Persian Rug','800.00','80.00','50.00','3','complete','4','2','',1,4671302605,0,'2010-06-05 16:25:50','2010-08-23 19:14:10','dsc-0407','efd38f971843af221f1219429bfb2e2d08c6e8db.jpg',0,0,1504,1000), (116,'DSC_0410','800.00','57.00','46.00','3','complete','4','2','',1,4671927248,0,'2010-06-05 16:26:02','2010-08-24 03:19:21','dsc-0410','b0746666495c737d88a95b4a5f57f0d527ba8b1a.jpg',0,0,1504,1000), (117,'Qashqai Deer Rug','435.00','62.00','43.00','3','complete','4','2','',1,4671303443,0,'2010-06-05 16:26:14','2010-08-24 03:22:49','dsc-0418','733a78e3610995940e3abe161ba9f77e25bdd5c0.jpg',0,0,1504,1000), (118,'Persian Lion Rug','650.00','80.00','52.00','3','complete','4','2','',1,4671303925,0,'2010-06-05 16:26:26','2010-08-24 03:24:43','dsc-0422','e37d5df5ee0bfd3ff157e9b66af3d1a89465aed0.jpg',0,0,1504,1000), (119,'DSC_0430','800.00','76.00','43.00','3','complete','4','2','',1,4671928594,0,'2010-06-05 16:26:38','2010-08-24 03:26:08','dsc-0430','a84562d05c50eb9d7d1c8b244129a5e17d94ef74.jpg',0,0,1504,1000), (120,'Persian Tribal Rug','300.00','71.00','52.00','1','complete','4','2','',1,4671304761,0,'2010-06-05 16:26:50','2010-08-24 03:28:50','dsc-0434','df40c088207f3c346f7c57011d55d190d55d1141.jpg',0,0,1504,1000), (121,'Antique Persian Tribal Rug','575.00','74.00','43.00','2','complete','4','2','',1,4671929562,0,'2010-06-05 16:27:03','2010-08-24 03:30:15','dsc-0437','e4efc354789edd841cdf826bb8557ed98216dcd1.jpg',0,0,1504,1000), (122,'DSC_0446','800.00','68.00','61.00','3','complete','4','2','',1,4671305699,0,'2010-06-05 16:27:15','2010-08-24 03:32:05','dsc-0446','0f63b1161fc728e261b8071009fc28061c412013.jpg',0,0,1504,1000), (123,'Antique Persian Tribal Bird Rug','800.00','72.00','64.00','3','complete','4','2','',1,4671930164,0,'2010-06-05 16:27:17','2010-08-24 03:38:02','dsc-0450','1546013d324b073b4e9e868631073f2ec3471347.jpg',0,0,1504,1000), (124,'Antique Persian Tribal Bird Rug','1200.00','47.00','80.00','3','complete','4','2','',1,4671930682,0,'2010-06-05 16:27:30','2010-08-24 03:42:24','dsc-0453','953e6c9ab9daa80cc31efb78b991618f6b1d6173.jpg',0,0,1504,1000), (125,'Persian Tribal Bird Rug','800.00','89.00','50.00','3','complete','4','2','',1,4671931184,0,'2010-06-05 16:27:42','2010-08-24 03:43:28','dsc-0459','5db8be2fce63bfd4b0e80facff9a1074f86344fa.jpg',0,0,1504,1000), (126,'Antique Persian Tribal Bird Rug','800.00','68.00','54.00','3','complete','4','2','',1,4671931648,0,'2010-06-05 16:27:55','2010-08-24 03:44:47','dsc-0465','862c120fbb70afdae2c31651712a4f716c1baf29.jpg',0,0,1504,1000), (127,'Persian Tribal Deer Rug','650.00','74.00','61.00','1','complete','4','2','',1,4671307649,0,'2010-06-05 16:28:07','2010-08-24 03:48:45','dsc-0467','7fe0ac291fbfd460260846cad2d1529648eef955.jpg',0,0,1504,1000), (128,'DSC_0477','800.00','98.00','53.00','3','complete','5','2','',1,4671308125,0,'2010-06-05 16:28:19','2010-08-24 03:50:28','dsc-0477','56e30d8543e6bb7fedee3fd1a6e5c0a941e34588.jpg',0,0,1504,1000), (129,'Antique Persian Tribal Cougar  Rug','850.00','77.00','48.00','3','complete','5','2','',1,4671932948,0,'2010-06-05 16:28:30','2010-08-29 05:27:38','dsc-0482','b4b47f6c44f60506e13a49dc605bafc8aa0d3c94.jpg',0,0,1504,1000), (130,'Antique Persian Tribal Gabbeh Rug','300.00','74.00','44.00','1','complete','5','2','',1,4671933370,0,'2010-06-05 16:28:42','2010-08-24 03:53:32','dsc-0484','ade927c1dae76d8cbea9ce264636ebc7c3935aee.jpg',0,0,1504,1000), (131,'Persian Lion Rug','800.00','76.00','48.00','2','complete','5','2','',1,4671933758,0,'2010-06-05 16:28:54','2010-08-24 03:54:35','dsc-0488','02f348e1c951fbd5acb52eef3e3b49e874f3ade7.jpg',0,0,1504,1000), (132,'Antique Persian Lion Rug','800.00','79.00','61.00','1','complete','5','2','',1,4671934182,0,'2010-06-05 16:29:06','2010-08-24 03:56:00','dsc-0490','44bef69635fdc8af05f3d01c14b60401a73e662b.jpg',0,0,1504,1000), (133,'Persian Tribal Lion Rug','800.00','86.00','57.00','2','complete','5','2','',1,4671934636,0,'2010-06-05 16:29:18','2010-08-24 03:57:32','dsc-0497','13592b01a16d02ea3483195587f374fd72d1782c.jpg',0,0,1504,1000), (134,'Persian Tribal Lion Rug','800.00','84.00','54.00','1','complete','5','2','',1,4671310625,0,'2010-06-05 16:29:30','2010-08-24 03:58:32','dsc-0508','0f85b0d5b8c6005e7a4c0462d8b9128677977e6a.jpg',0,0,1504,1000), (135,'Persian Lion Rug','700.00','83.00','51.00','3','complete','5','2','',1,4671935460,0,'2010-06-05 16:29:42','2010-08-24 03:59:40','dsc-0517','2a05055739c88d51b7122a228e69badd8e5250bd.jpg',0,0,1504,1000), (136,'Persian Tribal Rams Rug','800.00','91.00','54.00','3','complete','5','2','',1,4671935542,0,'2010-06-05 16:29:44','2010-08-24 04:00:37','dsc-0530','e486f99716075c3cdcdc8af093c70a9799e10db8.jpg',0,0,1504,1000), (137,'Persian Lion Cougars Rug','800.00','86.00','55.00','3','complete','5','2','',1,4671935966,0,'2010-06-05 16:29:57','2010-08-24 04:01:43','dsc-0536','bc81477416fce5c42f3820398d0f016bfe0f5326.jpg',0,0,1504,1000), (138,'Persian Lion Rug','800.00','84.00','53.00','1','complete','5','2','',1,4671936456,0,'2010-06-05 16:30:10','2010-08-24 04:02:38','dsc-0540','2fff2b07a96d964a37072eb86d9b25e07db42b44.jpg',0,0,1504,1000), (139,'Qashqai','800.00','72.00','48.00','2','complete','','2','',1,4671936982,0,'2010-06-05 16:30:23','2010-08-08 20:47:02','dsc-0543','f2e609d73526d78eeb1b32abb88d4d4244358fcd.jpg',0,0,1504,1000), (140,'Antique Persian Yalameh Rug','1600.00','122.00','68.00','3','complete','7','2','',1,4671937392,0,'2010-06-05 16:30:35','2010-08-24 04:04:37','dsc-0552','9b04bd4a69c1c853ff152b1a1a8797fc5e4293ae.jpg',0,0,1504,1000), (141,'Antique Signed Kazak','875.00','100.00','70.00','2','complete','7','2','',1,4671313475,0,'2010-06-05 16:30:48','2010-08-26 05:54:41','dsc-0553','ddb5184e97cdd97f57e5b15bbcc556cec1bb303a.jpg',0,0,1504,1000), (142,'Chobi 6x9','775.00','111.00','67.00','2','complete','7','2','',1,4671938428,0,'2010-06-05 16:31:01','2010-08-26 05:55:08','dsc-0555','915144e3367296e3c54cd25a124823da00208f65.jpg',0,0,1504,1000), (143,' Persian Tribal Rug','525.00','92.00','72.00','1','complete','7','2','',1,4671938876,0,'2010-06-05 16:31:13','2010-08-26 05:56:50','dsc-0557','46c35aad2085b3511f74a7b7d9504e113d95de4b.jpg',0,0,1504,1000), (144,'Bokhara 6x9','600.00','112.00','72.00','1','complete','7','2','',1,4671938964,0,'2010-06-05 16:31:15','2010-08-24 04:11:28','dsc-0562','566def0b070596c9ae2481818a3b7f4b01aa2699.jpg',0,0,1504,1000), (145,'Antique Heriz Serapi','600.00','93.00','78.00','1','complete','7','2','',1,4671939358,0,'2010-06-05 16:31:28','2010-08-24 04:16:16','dsc-0564','12b68d290868f73f69f5a3e77fc5da2e4b9dec67.jpg',0,0,1504,1000), (146,'Kazak 6x8','670.00','93.00','76.00','3','complete','7','2','',1,4671939810,0,'2010-06-05 16:31:40','2010-08-24 04:19:02','dsc-0565','91ef329207fb40a9fe43681d0fd484db2a986fda.jpg',0,0,1504,1000), (147,'Antique Heriz Serapi','1440.00','125.00','84.00','3','complete','7','2','',1,4671940232,0,'2010-06-05 16:31:54','2010-08-24 04:20:26','dsc-0572','23b1950ea2ac92e7fddf1d8af8ffde3b33b12c2d.jpg',0,0,1504,1000), (148,'Kazak','800.00','120.00','87.00','3','complete','7','2','',1,4671940680,0,'2010-06-05 16:32:06','2010-08-24 04:21:17','dsc-0575','6d629e6165ae04f1c78249000f17437587f0bfe4.jpg',0,0,1504,1000), (149,'Antique Kazak','800.00','98.00','85.00','2','complete','7','2','',1,4671941154,0,'2010-06-05 16:32:19','2010-08-24 04:27:24','dsc-0583','d181e0e6ba09b9d6b613da6635e104b5e9249e18.jpg',0,0,1504,1000), (150,'Kazak  6x9','850.00','107.00','74.00','2','complete','7','2','',1,4671941558,0,'2010-06-05 16:32:32','2010-08-26 05:55:42','dsc-0585','6e9fe39441346c199b4b6bec86d4e4c104b2986c.jpg',0,0,1504,1000), (151,'Kazak 6x8','875.00','99.00','78.00','2','complete','7','2','',1,4671941984,0,'2010-06-05 16:32:45','2010-08-26 05:56:08','dsc-0590','d7b9ef47a237e2238bfe6579f14b40176ede9e64.jpg',0,0,1504,1000), (152,'Kazak 6x8','800.00','100.00','72.00','2','complete','7','2','',1,4671942426,0,'2010-06-05 16:32:58','2010-08-24 04:30:49','dsc-0593','3d7a4de87ab2d4e395f492d8e797ffeb4bdc8298.jpg',0,0,1504,1000), (153,'Bakhtiari Garden Rug','600.00','118.00','75.00','3','complete','7','2','',1,4671942918,0,'2010-06-05 16:33:12','2010-08-24 04:34:50','dsc-0599','9ca06c673675b7f66ac0bf4b6875257f659bfeaa.jpg',0,0,1504,1000), (154,'Kazak 5x9','800.00','108.00','66.00','3','complete','7','2','',1,4671943342,0,'2010-06-05 16:33:26','2010-08-24 04:36:39','dsc-0604','d0d048dc20303402160104cb8d11daf5ab1dd04f.jpg',0,0,1504,1000), (155,'Antique Kazak 6x6','950.00','78.00','69.00','3','complete','7','2','',1,4671319425,0,'2010-06-05 16:33:39','2010-08-24 04:38:00','dsc-0608','ef27d890f38afb9eaadba5ff2c49f1df3a916727.jpg',0,0,1504,1000), (156,'Antique Bakhtiari Tribal Rug','575.00','90.00','64.00','1','complete','7','2','',1,4671944862,0,'2010-06-05 16:34:07','2010-08-24 04:39:41','dsc-0615','d7380bb2c5bbb9c02216fc23bf5ac00ece2b6ed9.jpg',0,0,1504,1000), (157,'Antique kazak 5x6','950.00','76.00','60.00','3','complete','7','2','',1,4671944332,0,'2010-06-05 16:33:53','2010-08-24 04:40:41','dsc-0609','6d6a0869ea1b264ed9c1246fce9252c47a2c6776.jpg',0,0,1504,1000), (158,'Tibetan Village Rug','950.00','96.00','60.00','3','complete','7','2','',1,4671320877,0,'2010-06-05 16:34:20','2010-08-24 04:41:51','dsc-0618','dbc8d54fb05f2eec9e542e492fc3a2330a15ac86.jpg',0,0,1504,1000), (159,'Kazak 5x10','525.00','122.00','64.00','1','complete','7','2','',1,4671945902,0,'2010-06-05 16:34:34','2010-08-24 04:58:01','dsc-0623','70d1f5dd6cf6e86d03f5757a86bdf0327c237a9a.jpg',0,0,1504,1000), (161,'Antique Tabriz Vase Rug 10x17','2400.00','202.00','116.00','3','complete','8','2','',1,4671322345,0,'2010-06-05 16:35:02','2010-08-24 04:59:09','dsc-0646','2d158628add9b0fb0dba397c7e2305803fe1aba1.jpg',0,0,1504,1000), (162,'Antique Heriz Serapi Persian Rug','2200.00','140.00','95.00','3','complete','8','2','',1,4671947478,0,'2010-06-05 16:35:15','2010-08-24 05:01:26','dsc-0648','c8e49024c0133b11b2f47bb566b54b821eb87cf5.jpg',0,0,1504,1000), (163,'Hunting Isfahan Persian Rug','7800.00','164.00','118.00','3','complete','8','2','',1,4671323441,0,'2010-06-05 16:35:30','2010-08-24 05:09:42','dsc-0650','1d361bed6ae80c1b6a79a58ce276976cf0c5137c.jpg',0,0,1504,1000), (164,'Antique Tabriz Hunting Rug','2400.00','151.00','114.00','3','complete','8','2','',1,4671948608,0,'2010-06-05 16:35:44','2010-08-24 05:11:24','dsc-0652','b895c61f522359e6a908bdd5cec39021f76bafc7.jpg',0,0,1504,1000), (165,'Antique Qum with Silk Persian Rug','4800.00','165.00','120.00','3','complete','8','2','',1,4671324403,0,'2010-06-05 16:35:58','2010-08-24 05:12:21','dsc-0663','b7a1f1f7862f4e04ab2ac3d7f42b06ae5a2ce2de.jpg',0,0,1504,1000), (166,'DSC_0674','800.00','165.00','114.00','3','complete','8','2','',1,4671324905,0,'2010-06-05 16:36:13','2010-08-27 19:10:42','dsc-0674','3867fb6c20d085171617ffbccd29802632263953.jpg',0,0,1504,1000), (167,'Antique Tree of Life Persian Rug','2800.00','161.00','116.00','3','complete','8','2','',1,4671950138,0,'2010-06-05 16:36:27','2010-10-08 17:46:14','dsc-0681','980c00be3eccebbfdf49005dbf922363006e2ab6.jpg',0,0,1504,1000), (168,'Hunting Persian Rug','800.00','127.00','96.00','3','complete','8','2','',1,4671950642,0,'2010-06-05 16:36:41','2010-08-25 00:52:34','dsc-0687','7b0cacb65b533bc2622b4298f8f7c73b440bd748.jpg',0,0,1504,1000), (169,'Antique Hunting Tabriz Persian Rug','1800.00','142.00','116.00','3','complete','8','2','',1,4671951192,0,'2010-06-05 16:36:57','2010-08-25 00:55:52','dsc-0689','5a404b851d50b0acf939b6fae3d737a703a7a75d.jpg',0,0,1504,1000), (170,'Antique Mashad Persian Rug 10x10','800.00','121.00','116.00','3','complete','8','2','',1,4671326945,0,'2010-06-05 16:37:12','2010-08-25 01:25:22','dsc-0695','b7a3f8eea2665dcd067f6889df189fef34d68ae4.jpg',0,0,1504,1000), (171,'Indo- Agra Hand Knotted','800.00','128.00','117.00','1','complete','8','2','',1,4671327437,0,'2010-06-05 16:37:26','2010-08-25 01:26:38','dsc-0698','0b7af054238713c45e50ec102e047cf4797048e4.jpg',0,0,1504,1000), (172,'Antique Mashad Persian Rug','800.00','151.00','118.00','3','complete','8','2','',1,4671327885,0,'2010-06-05 16:37:41','2010-08-25 01:28:34','dsc-0708','137fd5e2bd6c66b34a429ca190f308e9ca07136b.jpg',0,0,1504,1000), (173,'Antique Tabriz 1920\'s','800.00','161.00','116.00','3','complete','8','2','',1,4671953330,0,'2010-06-05 16:37:56','2010-08-25 01:30:59','dsc-0709','2ad0172c1d960ea9c5a868e7f570b4856446602d.jpg',0,0,1504,1000), (174,'Qashqai Tribal Persian Rug','1800.00','122.00','79.00','3','complete','14','2','',1,4671329481,0,'2010-06-05 16:38:24','2010-08-25 01:34:18','dsc-0714','fba83e2bae9a4eded972b64b822f9d486312da76.jpg',0,0,1504,1000), (175,'Antique Tabriz Vase Rug','800.00','111.00','81.00','2','complete','14','2','',1,4671330103,0,'2010-06-05 16:38:40','2010-08-25 01:40:01','dsc-0718','6b276baf1e3d1dea5bde0b20ac0addaa43ecdc37.jpg',0,0,1504,1000), (176,'Antique Apple Green Turqoise Navy Persian Rug','975.00','126.00','75.00','3','complete','14','2','',1,4671330723,0,'2010-06-05 16:38:55','2010-08-25 01:44:23','dsc-0720','d2e02a471346d32a52c0259afa39f98ba7a5372e.jpg',0,0,1504,1000), (177,'Turquoise Qum Persian Rug','2400.00','124.00','81.00','3','complete','14','2','',1,4671331367,0,'2010-06-05 16:39:10','2010-08-25 01:46:30','dsc-0724','b5f81a1a68b18999f5d93078cff6ef1f8c6be8e6.jpg',0,0,1504,1000), (178,'Tabriz Tree of Life Persian Rug','975.00','120.00','76.00','2','complete','14','2','',1,4671331993,0,'2010-06-05 16:39:25','2010-08-26 05:45:10','dsc-0731','f4bd417cd56e70d8074d092e79a2d4d9bd274c40.jpg',0,0,1504,1000), (179,'Tabriz Taba Tabai Persian Rug','800.00','133.00','77.00','3','complete','14','2','',1,4671332553,0,'2010-06-05 16:39:40','2010-08-25 01:51:22','dsc-0734','59a6bbc606ef0772770c00afb5f35c14e0825ca4.jpg',0,0,1504,1000), (180,'Tabriz Tree of Life Persian Rug','1200.00','113.00','78.00','3','complete','14','2','',1,4671957800,0,'2010-06-05 16:39:55','2010-08-25 05:50:28','dsc-0742','b661d624ac3c079a5c61a501c3924becad26501f.jpg',0,0,1504,1000), (181,'Kerman Hunting Persian Rug','1200.00','108.00','71.00','3','complete','14','2','',1,4671958408,0,'2010-06-05 16:40:11','2010-08-25 05:53:08','dsc-0746','c3a6a63d2a3aac3816887a8e435442c627af5457.jpg',0,0,1504,1000), (182,'Tabriz Hunting Persian Rug','800.00','119.00','80.00','3','complete','14','2','',1,4671334453,0,'2010-06-05 16:40:28','2010-08-25 05:54:41','dsc-0753','6f4e12322ac27af6959a2cef1e89d8717cb6a0bf.jpg',0,0,1504,1000), (183,'Tabriz Taba Tabai Persian Rug','800.00','112.00','70.00','3','complete','14','2','',1,4671335149,0,'2010-06-05 16:40:44','2010-08-25 05:56:06','dsc-0760','2971733d31eb2d626f5a1b5f182ee5a26b4324cf.jpg',0,0,1504,1000), (184,'Bidjar Antique Persian Tribal Rug','975.00','110.00','84.00','3','complete','14','2','',1,4671960214,0,'2010-06-05 16:41:00','2010-08-25 05:58:46','dsc-0765','d1b73c3982f918babfb15f5bd50a0068a0c8898a.jpg',0,0,1504,1000), (185,'Sarouk Tree of Life Birds Persian Rug','1450.00','116.00','75.00','3','complete','14','2','',1,4671336485,0,'2010-06-05 16:41:16','2010-08-26 05:51:28','dsc-0768','d06694c43ee81a39c3182da4b0136be2e25eea09.jpg',0,0,1504,1000), (186,'Tribal Bird Rug','800.00','120.00','81.00','2','complete','14','2','',1,4671961488,0,'2010-06-05 16:41:33','2010-08-25 23:43:10','dsc-0770','022e5c1af742f3cc9eebb3851b0f5f5f15abfc3b.jpg',0,0,1504,1000), (187,'Taba Tabai Persian Rug','2400.00','114.00','72.00','3','complete','14','2','',1,4671337613,0,'2010-06-05 16:41:48','2010-08-29 05:29:34','dsc-0773','638b0c787d785ccb6a06ecd8c7fddbd477d1571b.jpg',0,0,1504,1000), (188,'Soumac Caucasian Rug','800.00','117.00','87.00','2','complete','14','2','',1,4671962692,0,'2010-06-05 16:42:04','2010-08-26 01:06:15','dsc-0779','75a04f8da75a79714636f35abbcb079503a1ded3.jpg',0,0,1504,1000), (189,'Pictorial Mashad Kashmar','925.00','114.00','74.00','2','complete','14','2','',1,4671338887,0,'2010-06-05 16:42:21','2010-08-26 00:52:50','dsc-0781','c27d6ca7e1d0955f025ff03cea64119c5346ab8e.jpg',0,0,1504,1000), (190,'Tree of Life Mashad Persian Rug','975.00','112.00','73.00','3','complete','14','2','',1,4671963914,0,'2010-06-05 16:42:37','2010-08-26 05:52:41','dsc-0786','b37f262b876a8d0ecb636e29391dd5e34674ac91.jpg',0,0,1504,1000), (191,'Antique Tabriz Taba Tabai Persian Rug','1800.00','117.00','81.00','3','complete','14','2','',1,4671340073,0,'2010-06-05 16:42:55','2010-08-26 01:00:42','dsc-0788','1611521e19beb656e64dec57d3a06e5b39c7a975.jpg',0,0,1504,1000), (192,'King Fighting Lion Persian Rug','800.00','120.00','85.00','1','complete','14','2','',1,4671965146,0,'2010-06-05 16:43:11','2010-08-26 01:04:30','dsc-0790','3a78d8d632e2819775e1589b989835853dff2a56.jpg',0,0,1504,1000), (193,'Antique Bakhtiari 7x12','800.00','150.00','84.00','1','complete','14','2','',1,4671965740,0,'2010-06-05 16:43:27','2010-08-26 01:09:04','dsc-0796','0849666981ecbc1913b93c18afcee74d668ad8ae.jpg',0,0,1504,1000), (194,'Antique Hunting Tabriz Persian Rug','800.00','118.00','86.00','3','complete','14','2','',1,4671341851,0,'2010-06-05 16:43:44','2010-08-26 01:11:27','dsc-0806','b2fcb9866622298db8d4e0afc510735fc851a5a3.jpg',0,0,1504,1000), (195,'Hunting Tabriz Persian Rug','3800.00','123.00','84.00','3','complete','14','2','',1,4671966982,0,'2010-06-05 16:44:01','2010-08-26 01:15:27','dsc-0808','31a9197e8e4637afacae717cee9ff41ec75b5624.jpg',0,0,1504,1000), (196,'Sarouck Persian Hunting Rug','2400.00','120.00','79.00','3','complete','14','2','',1,4671967660,0,'2010-06-05 16:44:18','2010-08-26 01:20:58','dsc-0811','6d70de3bab2785c53742e004ef1a5c6398d69f84.jpg',0,0,1504,1000), (197,'Tabriz Tree of Life Hunting Persian Rug','1600.00','113.00','83.00','3','complete','15','2','',1,4671343873,0,'2010-06-05 16:44:36','2010-08-26 01:24:07','dsc-0821','64aaf3f7ea1fea5260a70f345ab62ddd75606d1d.jpg',0,0,1504,1000), (198,'DSC_0827','800.00','114.00','79.00','3','complete','15','2','',1,4671969094,0,'2010-06-05 16:44:54','2010-08-26 01:24:53','dsc-0827','b37ed755f0dbadef52007f7bf4912fc9414016d5.jpg',0,0,1504,1000), (199,'Bakhtiari Persian Rug','800.00','115.00','78.00','3','complete','15','2','',1,4671970236,0,'2010-06-05 16:45:26','2010-08-26 01:34:45','dsc-0830','6cfa18b3656fe95ff872721f2718544f26947c06.jpg',0,0,1504,1000), (200,'Antique Mashad Persian Rug','800.00','114.00','81.00','3','complete','15','2','',1,4671346373,0,'2010-06-05 16:45:44','2010-08-26 01:28:41','dsc-0836','af6251b8c194a419316e6a49f7e88448b4cbd32b.jpg',0,0,1504,1000), (201,'Tabriz Persian Hunting Rug','1125.00','114.00','78.00','3','complete','15','2','',1,4671347097,0,'2010-06-05 16:46:02','2010-08-26 01:30:51','dsc-0839','893aca6ebdcc67a73efe3ffb4a00946186679bc1.jpg',0,0,1504,1000), (202,'Antique Qashqai Persian Rug','800.00','109.00','78.00','3','complete','15','2','',1,4671972316,0,'2010-06-05 16:46:20','2010-08-26 01:38:32','dsc-0845','7a22f9905b634a0f3ce861a6cfe7a96f8736d16a.jpg',0,0,1504,1000), (203,'Antique Tabriz','800.00','118.00','80.00','2','complete','15','2','',1,4671972936,0,'2010-06-05 16:46:37','2010-08-26 04:34:49','dsc-0850','75146eef72f2fb57a8b2e3d86350f10baa98c2b9.jpg',0,0,1504,1000), (204,'DSC_0853','800.00','122.00','80.00','3','complete','15','2','',1,4671973576,0,'2010-06-05 16:46:55','2010-08-26 04:36:34','dsc-0853','9327ca48369e7c9986014035304fc010f90e502e.jpg',0,0,1504,1000), (205,'Tabriz Antique 1940s','500.00','127.00','83.00','1','complete','15','2','',1,4671349619,0,'2010-06-05 16:47:11','2010-08-26 04:47:13','dsc-0857','2604220f284a232adbe55bd22e4d8f39a1ed1b6d.jpg',0,0,1504,1000), (206,'Bakhtiari Persian Tribal Rug','800.00','136.00','83.00','1','complete','15','2','',1,4671350209,0,'2010-06-05 16:47:29','2010-08-26 04:48:43','dsc-0859','c681cbd99202980cc3d91e52029413544e6d72ac.jpg',0,0,1504,1000), (207,'Tabriz Geometrical','800.00','120.00','80.00','1','complete','15','2','',1,4671350911,0,'2010-06-05 16:47:46','2010-08-26 04:49:46','dsc-0863','84a952cafef217f2a53638a6775b79ea186d7cbe.jpg',0,0,1504,1000), (208,'Antique Qashqai Persian Tribal Rug','1275.00','125.00','89.00','2','complete','15','2','',1,4671976326,0,'2010-06-05 16:48:04','2010-08-26 04:52:18','dsc-0865','340534248f2e0b8dbdbd9d203c6a2099485e17f8.jpg',0,0,1504,1000), (209,'Tabriz Indigo Antique','1275.00','137.00','97.00','3','complete','15','2','',1,4671976974,0,'2010-06-05 16:48:21','2010-08-26 04:54:22','dsc-0867','92d5f7dc48805916e1506e053aeb64f37ad18dca.jpg',0,0,1504,1000), (210,'Heriz Antique 7x9','975.00','114.00','82.00','2','complete','15','2','',1,4671352993,0,'2010-06-05 16:48:39','2010-08-26 05:12:54','dsc-0871','29e714bef40f7776a8b5ee5958fa9dedd84c0d33.jpg',0,0,1504,1000), (211,'Antique Tabriz Moss Yellow','925.00','112.00','77.00','3','complete','15','2','',1,4671353069,0,'2010-06-05 16:48:41','2010-08-26 05:16:08','dsc-0873','b971b4fdf3348f73d3d5349d288825e4998be839.jpg',0,0,1504,1000), (212,'Bakhtiari Tribal Rug','975.00','127.00','81.00','1','complete','15','2','',1,4671978346,0,'2010-06-05 16:48:58','2010-08-26 05:17:29','dsc-0876','c5832ec62990cfbee107cbd12cf55164f31499fe.jpg',0,0,1504,1000), (213,'Antique Shiraz','100.00','57.00','38.00','1','complete','15','2','',1,4671354445,0,'2010-06-05 16:49:15','2010-08-27 03:21:32','dsc-0879','3b71ce2b8796cdedb8a2bfe843cf273bb4ef10fe.jpg',0,0,1504,1000), (214,'Qashqai Pictorial Persian Rug','745.00','72.00','54.00','3','complete','16','2','',1,4671355173,0,'2010-06-05 16:49:34','2010-08-27 03:21:07','dsc-0884','7c02c595bd5f8cfa4d7d023ed521854b73283cad.jpg',0,0,1504,1000), (215,'Qashqai Tribal Rug','200.00','68.00','44.00','1','complete','16','2','',1,4671355863,0,'2010-06-05 16:49:51','2010-08-29 01:14:54','dsc-0886','d130fda0e08af445776557088782855a87181c1e.jpg',0,0,1504,1000), (216,'Antique Tribal Pictorial Rug','600.00','65.00','39.00','3','complete','16','2','',1,4671981112,0,'2010-06-05 16:50:10','2010-08-29 01:16:14','dsc-0890','5cf00ff658049e37655885ee73c00e12a9c3429b.jpg',0,0,1504,1000), (217,'Qashqai Tribal Persian Rug','270.00','60.00','41.00','1','complete','16','2','',1,4671981942,0,'2010-06-05 16:50:28','2010-08-29 01:17:18','dsc-0893','e33706c825d8e04f2a46408252c2237579738742.jpg',0,0,1504,1000), (218,'Tabriz Hunting Persian Rug','300.00','60.00','39.00','3','complete','16','2','',1,4671358111,0,'2010-06-05 16:50:46','2010-08-29 01:19:01','dsc-0895','a1804c9d6cc4519dafcd0a30f3e74499df0f9cad.jpg',0,0,1504,1000), (219,'Qashqai Tribal Persian Lion  Rug','600.00','65.00','48.00','2','complete','16','2','',1,4671983390,0,'2010-06-05 16:51:05','2010-08-29 01:20:25','dsc-0898','6206a72b06a0fd4f9396e379eb746461e04649ea.jpg',0,0,1504,1000), (220,'Qashqai Antique Persian Rug','675.00','90.00','56.00','3','complete','9','2','',1,4671984144,0,'2010-06-05 16:51:23','2010-08-29 01:22:06','dsc-1444','bf3d2fbb11e6313ee4df22becc44b8e64918c7a7.jpg',0,0,1504,1000), (221,'Antique Kashan Persian Rug','600.00','87.00','52.00','3','complete','9','2','',1,4671360245,0,'2010-06-05 16:51:41','2010-08-29 01:23:21','dsc-1448','5074ddfa7e0aa6288fff7704f14b0291881bbe00.jpg',0,0,1504,1000), (222,'Qashqai Persian Rug','575.00','88.00','57.00','1','complete','9','2','',1,4671985592,0,'2010-06-05 16:51:59','2010-08-29 01:24:39','dsc-1456','6721cd354fe1c2a93607cc6b6b9b437ab744d725.jpg',0,0,1504,1000), (223,'Caucasian Bukhara Tribal Rug','800.00','112.00','64.00','2','complete','9','2','',1,4671361095,0,'2010-06-05 16:52:01','2010-08-29 01:26:10','dsc-1459','c439f5bdc4301559e863dd95c0027842868fc732.jpg',0,0,1504,1000), (224,'Fine Lion Persian Rug','1425.00','72.00','48.00','3','complete','12','2','',1,4671986412,0,'2010-06-05 16:52:19','2010-08-29 05:29:55','dsc-1462','9e2d6d0bed89f8438946f2b543a3b0ec587c259a.jpg',0,0,1504,1000), (225,'Qashqai Lion Rug','925.00','76.00','53.00','3','complete','12','2','',1,4671362421,0,'2010-06-05 16:52:38','2010-08-29 01:30:31','dsc-1465','df7aab4dcc8827d72583bca3c6a6771b8586b74a.jpg',0,0,1504,1000), (226,'Cougar Persian Rug','875.00','79.00','52.00','3','complete','12','2','',1,4671987812,0,'2010-06-05 16:52:56','2010-08-29 01:31:40','dsc-1469','6187cd128cefe03463dfe2bfeef74a4bd4ead26d.jpg',0,0,1504,1000), (227,'Antique Lion Persian Rug','800.00','69.00','43.00','2','complete','12','2','',1,4671363151,0,'2010-06-05 16:52:58','2010-08-29 01:33:07','dsc-1471','384113e7c3285ddff482391abbe825b27c2939aa.jpg',0,0,1504,1000), (228,'Persian Lion Rug','800.00','65.00','39.00','3','complete','12','2','',1,4671363903,0,'2010-06-05 16:53:16','2010-08-29 01:34:29','dsc-1475','7c9da3f0bca0dac4f2862558532baf1417446d67.jpg',0,0,1504,1000), (229,'Signed Persian Lion Rug','950.00','69.00','49.00','3','complete','12','2','',1,4671364671,0,'2010-06-05 16:53:35','2010-08-29 05:02:55','dsc-1478','77e70071c5b27473d78c14a648b224e3a0505f4a.jpg',0,0,1504,1000), (230,'Antique Persion Lion Rug','1200.00','77.00','54.00','3','complete','12','2','',1,4671991056,0,'2010-06-05 16:54:12','2010-08-29 05:04:35','dsc-1482','b3accce064cfa1242473960f8c4e6037924d917d.jpg',0,0,1504,1000), (231,' Persion Lion Rug','950.00','78.00','47.00','1','complete','12','2','',1,4671366855,0,'2010-06-05 16:54:31','2010-08-29 05:06:28','dsc-1485','9ed49d8bb0cbeaab4e88419c60fe95ee70876e8e.jpg',0,0,1504,1000), (232,' Persion Lion Rug','800.00','86.00','49.00','3','complete','12','2','',1,4671992524,0,'2010-06-05 16:54:50','2010-08-29 05:07:44','dsc-1488','34e5a201e2e9928ea02867cce72c7203ec59a9e9.jpg',0,0,1504,1000), (233,'Persion Lion Rug','950.00','75.00','52.00','3','complete','12','2','',1,4671993356,0,'2010-06-05 16:55:10','2010-08-29 05:08:56','dsc-1490','78518b32bb93eead36f2e0a398184ce683a34d89.jpg',0,0,1504,1000), (234,'Persion Lion Rug','800.00','76.00','49.00','2','complete','12','2','',1,4671994130,0,'2010-06-05 16:55:30','2010-08-29 05:09:59','dsc-1495','c520cc76b824914bf8892cce25466eec04fec67f.jpg',0,0,1504,1000), (235,'Persion Lion Rug','950.00','81.00','51.00','2','complete','12','2','',1,4671370007,0,'2010-06-05 16:55:49','2010-08-29 05:11:59','dsc-1498','a05846298566d64602fd1168b392ce14401e5053.jpg',0,0,1504,1000), (236,'DSC_1500','800.00','81.00','51.00','3','complete','12','2','',1,4671370709,0,'2010-06-05 16:56:09','2010-08-29 05:13:20','dsc-1500','7e9962c88dd260efd849265483e246673bddb045.jpg',0,0,1504,1000), (237,'Persion Lion Rug','800.00','76.00','49.00','1','complete','12','2','',1,4671996614,0,'2010-06-05 16:56:28','2010-08-29 05:15:33','dsc-1502','4516065fe2045d868a1c1ae0efa5075f20edd40c.jpg',0,0,1504,1000), (238,'Persion Lion Rug','950.00','83.00','55.00','2','complete','12','2','',1,4671372241,0,'2010-06-05 16:56:48','2010-08-29 05:21:34','dsc-1504','6ef80c2c148054c1e08176f7e5c25a3310630987.jpg',0,0,1504,1000), (239,'Persion Lion Rug','925.00','75.00','50.00','1','complete','12','2','',1,4671372983,0,'2010-06-05 16:57:08','2010-08-29 05:18:26','dsc-1508','9f40567365fc9aa058ec11ff1622645231984712.jpg',0,0,1504,1000), (240,'Kashan Prayer Rug','800.00','82.00','54.00','2','complete','10','2','',1,4671998254,0,'2010-06-05 16:57:10','2010-08-29 05:32:35','dsc-1514','b0b859d5b928020c220a6657c8384ee16790cc3b.jpg',0,0,1504,1000), (241,'DSC_1518','800.00','79.00','45.00',NULL,'complete','10','2','',1,4671373181,0,'2010-06-05 16:57:12','2010-08-06 17:53:55','dsc-1518','fe3c80994a99fae49ee1386ac3cfbdce8ff632b3.jpg',0,0,1504,1000), (242,'DSC_1520','800.00','67.00','50.00',NULL,'complete','10','2','',1,4671373281,0,'2010-06-05 16:57:15','2010-08-06 17:53:55','dsc-1520','46d09406ffd3e9e48435caa61577269410ab4a35.jpg',0,0,1504,1000), (243,'DSC_1522','800.00','70.00','45.00',NULL,'complete','10','2','',1,4671998524,0,'2010-06-05 16:57:17','2010-08-06 17:53:55','dsc-1522','b611ef05b3ee4bfbdad7dff05928a7f9e482b4ea.jpg',0,0,1504,1000), (244,'DSC_1526','800.00','69.00','40.00',NULL,'complete','10','2','',1,4671999392,0,'2010-06-05 16:57:38','2010-08-06 17:53:55','dsc-1526','7253fd43986120860ddb38f020aac4750648dd1b.jpg',0,0,1504,1000), (245,'DSC_1529','800.00','80.00','44.00',NULL,'complete','10','2','',1,4671375019,0,'2010-06-05 16:57:59','2010-08-06 17:53:55','dsc-1529','9b42ef2ec676d7daf6d9cf65c72ff508400d2c14.jpg',0,0,1504,1000), (246,'DSC_1531','800.00','80.00','55.00',NULL,'complete','10','2','',1,4671375789,0,'2010-06-05 16:58:19','2010-08-06 17:53:55','dsc-1531','9f45b06131fd2382f65ab1f62283fd85491998b3.jpg',0,0,1504,1000), (247,'DSC_1534','800.00','83.00','50.00',NULL,'complete','10','2','',1,4671376561,0,'2010-06-05 16:58:39','2010-08-06 17:53:55','dsc-1534','b392c0e893bbe72d85500c82a1d9fe2b914ac334.jpg',0,0,1504,1000), (248,'CIMG1385','735.00','81.00','49.00',NULL,'complete','10','2','',1,4671377421,0,'2010-06-05 16:59:03','2010-08-06 17:53:55','cimg1385','666183836897f849029d1142622bd822ea9cd492.jpg',0,0,3264,2448), (249,'CIMG1389','234.00','72.00','46.00',NULL,'complete','10','2','',1,4671378961,0,'2010-06-05 16:59:45','2010-08-06 17:53:55','cimg1389','79acb447ab725c72070c58d01e0f1ddc1266dfee.jpg',0,0,3264,2448), (250,'CIMG1370','971.00','87.00','32.00',NULL,'complete','10','2','',1,4672005020,0,'2010-06-05 17:00:10','2010-08-06 17:53:55','cimg1370','c5521db116affb3058133c4cd02c14b3539e1587.jpg',0,0,3264,2448), (251,'CIMG1382','297.00','83.00','45.00',NULL,'complete','10','2','',1,4672006574,0,'2010-06-05 17:00:54','2010-08-06 17:53:55','cimg1382','7b040d36bb2178bedd05854eb4fc462dfe46bee4.jpg',0,0,3264,2448), (257,'Cabinet-red','450.00',NULL,NULL,'3','complete','','','',1,4284183184,0,'2010-01-18 04:53:15','2010-08-24 00:12:22','cabinet-red','dda3c35a42878bb17eb261efd05fa615413d871d.jpg',0,0,576,432), (259,'Table-red-4-drawer','350.00',NULL,NULL,'3','complete','','','',1,4284183354,0,'2010-01-18 04:53:20','2010-08-24 00:15:58','table-red-4-drawer','46342da20cb51b4afd612710b685430272661af4.jpg',0,0,2080,1560), (261,'Table-small3','150.00',NULL,NULL,'1','complete','','','',1,4284183576,0,'2010-01-18 04:53:26','2010-08-24 00:16:51','table-small3','4a4d6be3b9d9c9c8b9dbb9d2952cadcf60b38098.jpg',0,0,542,532), (262,'Chest-painted','250.00',NULL,NULL,'1','complete','','','',1,4283439893,0,'2010-01-18 04:53:27','2010-08-24 14:41:39','chest-painted','b45f040bd7b8bee9b0f751232ca620d0a49c8e19.jpg',0,0,534,460), (274,'Desk11','300.00',NULL,NULL,'3','complete','','','',1,4283439989,0,'2010-01-18 04:53:30','2010-08-24 14:44:43','desk11','53a256399a84a93c04fdebc0fc3fdf367f78b4a3.jpg',0,0,513,511), (275,'Trunk-Large4','300.00',NULL,NULL,'3','complete','','','',1,4283440003,0,'2010-01-18 04:53:30','2010-08-24 14:42:16','trunk-large4','90c235c74918af603b813f6977bcd90471e8118e.jpg',0,0,534,440), (429,'Bargain Rug','175.00','116.00','80.00','2','complete','3','3','',1,4921617590,0,'2010-08-23 21:55:20','2010-08-23 23:17:03','dsc-0666','0ae4c348a6db5884a7acd5614d3856454bef3137.jpg',0,0,400,268), (430,'Abrash Bargain','175.00','108.00','96.00','1','complete','3','3','',1,4921617938,0,'2010-08-23 21:55:27','2010-08-23 23:21:18','dsc-0670','2a64bb192892bbeb7fe485fc6f81b59b6be8ac50.jpg',0,0,400,268), (431,'Featured Sale','197.00','132.00','89.00','3','complete','3','3','',1,4921022475,0,'2010-08-23 21:55:33','2010-08-23 23:16:36','dsc-0676','07760707b822b74483e1d6d45791caec59b1a442.jpg',0,0,400,268), (432,'Bargain Bird Rug','425.00','114.00','73.00','3','complete','3','3','',1,4921618588,0,'2010-08-23 21:55:39','2010-08-23 23:16:45','dsc-0679','9fc533bdadf68b3d7ba9f52e941c155658be4f29.jpg',0,0,400,268);
/*!40000 ALTER TABLE `product` ENABLE KEYS */;
UNLOCK TABLES;

--
-- Dumping data for table `product_category`
--

LOCK TABLES `product_category` WRITE;
/*!40000 ALTER TABLE `product_category` DISABLE KEYS */;
INSERT INTO `product_category` (`product_id`, `category_id`) VALUES (241,3), (242,3), (243,3), (244,3), (245,3), (246,3), (247,3), (248,3), (249,3), (250,3), (251,3), (261,4), (257,12), (262,15), (275,15), (108,16), (109,16), (110,16), (111,16), (112,16), (118,16), (119,16), (129,16), (130,16), (131,16), (132,16), (133,16), (134,16), (137,16), (138,16), (139,16), (187,16), (219,16), (224,16), (225,16), (226,16), (227,16), (228,16), (230,16), (231,16), (233,16), (234,16), (235,16), (236,16), (237,16), (238,16), (239,16), (92,18), (93,18), (111,18), (114,18), (122,18), (158,18), (189,18), (192,18), (87,20), (91,20), (92,20), (93,20), (107,20), (108,20), (109,20), (110,20), (114,20), (116,20), (118,20), (122,20), (123,20), (124,20), (127,20), (134,20), (136,20), (138,20), (163,20), (164,20), (168,20), (169,20), (176,20), (177,20), (182,20), (185,20), (191,20), (194,20), (195,20), (196,20), (197,20), (218,20), (429,20), (93,24), (105,24), (111,24), (122,24), (133,24), (158,24), (163,24), (192,24), (214,24), (216,24), (227,24), (89,25), (102,25), (115,25), (126,25), (175,25), (176,25), (177,25), (180,25), (183,25), (185,25), (187,25), (190,25), (191,25), (194,25), (197,25), (86,26), (91,26), (94,26), (95,26), (96,26), (98,26), (99,26), (100,26), (101,26), (102,26), (103,26), (104,26), (106,26), (108,26), (109,26), (110,26), (117,26), (118,26), (119,26), (120,26), (121,26), (123,26), (125,26), (127,26), (128,26), (131,26), (132,26), (133,26), (135,26), (136,26), (137,26), (140,26), (143,26), (153,26), (156,26), (174,26), (184,26), (186,26), (188,26), (192,26), (193,26), (198,26), (199,26), (202,26), (204,26), (206,26), (212,26), (213,26), (214,26), (215,26), (216,26), (219,26), (220,26), (222,26), (223,26), (224,26), (225,26), (226,26), (227,26), (228,26), (229,26), (232,26), (233,26), (234,26), (235,26), (236,26), (237,26), (238,26), (158,27), (86,28), (91,28), (98,28), (99,28), (100,28), (101,28), (103,28), (104,28), (110,28), (111,28), (117,28), (134,28), (137,28), (139,28), (174,28), (186,28), (192,28), (198,28), (202,28), (208,28), (214,28), (215,28), (217,28), (219,28), (224,28), (227,28), (228,28), (229,28), (230,28), (231,28), (232,28), (233,28), (234,28), (236,28), (237,28), (239,28), (86,29), (88,29), (98,29), (99,29), (100,29), (102,29), (103,29), (113,29), (119,29), (121,29), (122,29), (123,29), (124,29), (128,29), (129,29), (130,29), (132,29), (140,29), (141,29), (145,29), (146,29), (147,29), (149,29), (155,29), (156,29), (157,29), (159,29), (161,29), (162,29), (164,29), (165,29), (170,29), (173,29), (175,29), (184,29), (187,29), (189,29), (191,29), (192,29), (193,29), (199,29), (200,29), (202,29), (203,29), (205,29), (208,29), (209,29), (210,29), (211,29), (213,29), (214,29), (220,29), (221,29), (229,29), (230,29), (235,29), (240,29), (430,29), (90,31), (141,31), (146,31), (148,31), (149,31), (150,31), (151,31), (152,31), (154,31), (155,31), (157,31), (159,31), (103,32), (116,32), (117,32), (139,32), (213,32), (218,32), (228,32), (89,33), (105,33), (108,33), (109,33), (115,33), (119,33), (120,33), (121,33), (122,33), (123,33), (126,33), (130,33), (131,33), (214,33), (215,33), (216,33), (219,33), (225,33), (229,33), (230,33), (231,33), (233,33), (234,33), (239,33), (86,34), (87,34), (91,34), (100,34), (101,34), (104,34), (106,34), (107,34), (112,34), (154,34), (11,36), (90,36), (97,36), (141,36), (142,36), (144,36), (151,36), (154,36), (155,36), (157,36), (176,36), (223,36), (430,36), (114,40), (128,40), (136,40), (105,43), (107,43), (112,43), (115,43), (116,43), (126,43), (165,43), (168,43), (177,43), (195,43), (196,43), (201,43), (429,47), (430,47), (431,47), (432,47), (259,49), (274,49), (123,51), (124,51), (125,51), (177,51), (178,51), (180,51), (187,51), (190,51), (194,51), (240,51), (113,54), (118,54), (125,54), (127,54), (129,54), (133,54), (134,54), (135,54), (137,54), (138,54), (156,54), (220,54), (221,54), (222,54), (226,54), (232,54), (235,54), (236,54), (238,54), (240,54), (88,57), (145,57), (147,57), (162,57), (166,57), (210,57), (120,58), (124,58), (147,58), (148,58), (149,58), (174,58), (177,58), (182,58), (184,58), (188,58), (191,58), (192,58), (193,58), (194,58), (195,58), (196,58), (197,58), (198,58), (200,58), (203,58), (204,58), (205,58), (206,58), (207,58), (208,58), (212,58), (429,58), (11,61), (88,61), (90,61), (97,61), (159,61), (223,61), (162,62), (168,62), (209,62), (163,63), (164,63), (165,63), (166,63), (167,63), (169,63), (171,63), (172,63), (173,63), (167,67), (168,67), (170,67), (172,67), (173,67), (178,67), (189,67), (190,67), (195,67), (200,67), (201,67), (217,67), (222,67);
/*!40000 ALTER TABLE `product_category` ENABLE KEYS */;
UNLOCK TABLES;

--
-- Dumping data for table `sf_guard_forgot_password`
--

LOCK TABLES `sf_guard_forgot_password` WRITE;
/*!40000 ALTER TABLE `sf_guard_forgot_password` DISABLE KEYS */;
/*!40000 ALTER TABLE `sf_guard_forgot_password` ENABLE KEYS */;
UNLOCK TABLES;

--
-- Dumping data for table `sf_guard_group`
--

LOCK TABLES `sf_guard_group` WRITE;
/*!40000 ALTER TABLE `sf_guard_group` DISABLE KEYS */;
/*!40000 ALTER TABLE `sf_guard_group` ENABLE KEYS */;
UNLOCK TABLES;

--
-- Dumping data for table `sf_guard_group_permission`
--

LOCK TABLES `sf_guard_group_permission` WRITE;
/*!40000 ALTER TABLE `sf_guard_group_permission` DISABLE KEYS */;
/*!40000 ALTER TABLE `sf_guard_group_permission` ENABLE KEYS */;
UNLOCK TABLES;

--
-- Dumping data for table `sf_guard_permission`
--

LOCK TABLES `sf_guard_permission` WRITE;
/*!40000 ALTER TABLE `sf_guard_permission` DISABLE KEYS */;
/*!40000 ALTER TABLE `sf_guard_permission` ENABLE KEYS */;
UNLOCK TABLES;

--
-- Dumping data for table `sf_guard_remember_key`
--

LOCK TABLES `sf_guard_remember_key` WRITE;
/*!40000 ALTER TABLE `sf_guard_remember_key` DISABLE KEYS */;
INSERT INTO `sf_guard_remember_key` (`id`, `user_id`, `remember_key`, `ip_address`, `created_at`, `updated_at`) VALUES (6,6,'fe9e7bee86e7f2b6cb244833beb3e69a','67.142.173.30','2010-08-25 05:48:00','2010-08-25 05:48:00');
/*!40000 ALTER TABLE `sf_guard_remember_key` ENABLE KEYS */;
UNLOCK TABLES;

--
-- Dumping data for table `sf_guard_user`
--

LOCK TABLES `sf_guard_user` WRITE;
/*!40000 ALTER TABLE `sf_guard_user` DISABLE KEYS */;
INSERT INTO `sf_guard_user` (`id`, `first_name`, `last_name`, `email_address`, `username`, `algorithm`, `salt`, `password`, `is_active`, `is_super_admin`, `last_login`, `created_at`, `updated_at`) VALUES (1,'Rui','Marinho','rpm@seegno.com','rpm','sha1','a9a7bfb0d1dd91b9d48d656c551c0b00','66c21cee8797eee87f2c31256593464092f25a3e',1,1,'2010-09-22 16:34:28','2010-07-13 12:18:11','2010-09-22 16:34:29'), (2,'Jorge','Pereira','jrp@seegno.com','jrp','sha1','6aaa444d57278825eb6499a98821910a','bb5dcad4fa70cd1937031939120c1bcc7270c860',1,1,NULL,'2010-07-13 12:18:33','2010-07-13 12:18:33'), (3,'Tiago','Ribero','tlr@seegno.com','tlr','sha1','41b0b743bc974a2627deb25aa45edbf3','35c34830cb1e36a93e53b88531df4a5e6c01b6bf',1,1,NULL,'2010-07-13 12:20:51','2010-07-13 12:20:51'), (4,'Srgio','Castro','asc@seegno.com','asc','sha1','71aadd579e46777939fe66edb9b39796','6761021a129ab3816e472d804503f4bb3e686360',1,1,NULL,'2010-07-13 12:21:18','2010-07-13 12:21:18'), (5,'Rui','Silva','rjs@seegno.com','rjs','sha1','f43b7ceac1e620ddf99bb8e75217db85','8a15fede96b561bd2a70facd692d46c9f676156b',1,1,NULL,'2010-07-13 12:21:31','2010-07-13 12:21:31'), (6,'Todd','Morrill','todd@wildcat.com','todd','sha1','4dc102735760d6344ddd2ae65ab610ec','4f0f7351293069daca935a32845a611d019ac5f7',1,1,'2010-10-08 18:12:03','2010-07-29 23:52:17','2010-10-08 18:12:03');
/*!40000 ALTER TABLE `sf_guard_user` ENABLE KEYS */;
UNLOCK TABLES;

--
-- Dumping data for table `sf_guard_user_group`
--

LOCK TABLES `sf_guard_user_group` WRITE;
/*!40000 ALTER TABLE `sf_guard_user_group` DISABLE KEYS */;
/*!40000 ALTER TABLE `sf_guard_user_group` ENABLE KEYS */;
UNLOCK TABLES;

--
-- Dumping data for table `sf_guard_user_permission`
--

LOCK TABLES `sf_guard_user_permission` WRITE;
/*!40000 ALTER TABLE `sf_guard_user_permission` DISABLE KEYS */;
/*!40000 ALTER TABLE `sf_guard_user_permission` ENABLE KEYS */;
UNLOCK TABLES;

--
-- Dumping data for table `slot`
--

LOCK TABLES `slot` WRITE;
/*!40000 ALTER TABLE `slot` DISABLE KEYS */;
/*!40000 ALTER TABLE `slot` ENABLE KEYS */;
UNLOCK TABLES;

--
-- Dumping data for table `slot_translation`
--

LOCK TABLES `slot_translation` WRITE;
/*!40000 ALTER TABLE `slot_translation` DISABLE KEYS */;
/*!40000 ALTER TABLE `slot_translation` ENABLE KEYS */;
UNLOCK TABLES;
/*!40103 SET TIME_ZONE=@OLD_TIME_ZONE */;

/*!40101 SET SQL_MODE=@OLD_SQL_MODE */;
/*!40014 SET FOREIGN_KEY_CHECKS=@OLD_FOREIGN_KEY_CHECKS */;
/*!40014 SET UNIQUE_CHECKS=@OLD_UNIQUE_CHECKS */;
/*!40101 SET CHARACTER_SET_CLIENT=@OLD_CHARACTER_SET_CLIENT */;
/*!40101 SET CHARACTER_SET_RESULTS=@OLD_CHARACTER_SET_RESULTS */;
/*!40101 SET COLLATION_CONNECTION=@OLD_COLLATION_CONNECTION */;
/*!40111 SET SQL_NOTES=@OLD_SQL_NOTES */;

-- Dump completed on 2010-10-08 19:27:51
